{"cameraMode":{"drawMode":0,"name":"Shaded","section":"Shading Mode"},"sceneLighting":false,"audioPlay":false,"sceneViewState":{"m_AlwaysRefresh":false,"showFog":true,"showSkybox":false,"showFlares":true,"showImageEffects":true,"showParticleSystems":true,"showVisualEffectGraphs":true,"m_FxEnabled":true},"in2DMode":false,"pivot":{"x":0.8028512001037598,"y":0.918398380279541,"z":0.1595911830663681},"rotation":{"x":0.10408531129360199,"y":-0.1385815292596817,"z":0.01463419757783413,"w":0.9848116040229797},"size":1.3460835218429566,"orthographic":false}