{"cameraMode":{"drawMode":0,"name":"Shaded","section":"Shading Mode"},"sceneLighting":false,"audioPlay":false,"sceneViewState":{"m_AlwaysRefresh":false,"showFog":true,"showSkybox":false,"showFlares":true,"showImageEffects":true,"showParticleSystems":true,"showVisualEffectGraphs":true,"m_FxEnabled":true},"in2DMode":false,"pivot":{"x":-20.322275161743165,"y":2.6765902042388918,"z":4.541028022766113},"rotation":{"x":-0.005999972112476826,"y":-0.000898281461559236,"z":-0.000005446188879432157,"w":0.9999833106994629},"size":9.366860389709473,"orthographic":false}