{"cameraMode":{"drawMode":0,"name":"Shaded","section":"Shading Mode"},"sceneLighting":false,"audioPlay":false,"sceneViewState":{"m_AlwaysRefresh":false,"showFog":true,"showSkybox":false,"showFlares":true,"showImageEffects":true,"showParticleSystems":true,"showVisualEffectGraphs":true,"m_FxEnabled":true},"in2DMode":false,"pivot":{"x":19.26813507080078,"y":1.7618017196655274,"z":0.8072369694709778},"rotation":{"x":-0.012237907387316227,"y":0.5544188618659973,"z":0.008148236200213433,"w":0.8321723341941834},"size":1.2369319200515748,"orthographic":false}